<?xml version="1.0" encoding="UTF-8" standalone="no"?>
<Lines>
    <Point>
        <X>3</X>
        <Y>3</Y>
    </Point>
    <Point>
        <X>10</X>
        <Y>113</Y>
    </Point>
    <InfoOfLine>
        <K>15.714285714285714</K>
        <B>-44.14285714285714</B>
        <Counter>2</Counter>
    </InfoOfLine>
    <Point>
        <X>13</X>
        <Y>10</Y>
    </Point>
    <Point>
        <X>23</X>
        <Y>45</Y>
    </Point>
    <InfoOfLine>
        <K>3.5</K>
        <B>-35.5</B>
        <Counter>2</Counter>
    </InfoOfLine>
    <Point>
        <X>2</X>
        <Y>2</Y>
    </Point>
    <Point>
        <X>10</X>
        <Y>113</Y>
    </Point>
    <InfoOfLine>
        <K>13.875</K>
        <B>-25.75</B>
        <Counter>2</Counter>
    </InfoOfLine>
    <Point>
        <X>1</X>
        <Y>1</Y>
    </Point>
    <Point>
        <X>10</X>
        <Y>113</Y>
    </Point>
    <InfoOfLine>
        <K>12.444444444444445</K>
        <B>-11.444444444444445</B>
        <Counter>2</Counter>
    </InfoOfLine>
    <Point>
        <X>3</X>
        <Y>3</Y>
    </Point>
    <Point>
        <X>23</X>
        <Y>45</Y>
    </Point>
    <InfoOfLine>
        <K>2.1</K>
        <B>-3.3000000000000007</B>
        <Counter>2</Counter>
    </InfoOfLine>
    <Point>
        <X>2</X>
        <Y>2</Y>
    </Point>
    <Point>
        <X>23</X>
        <Y>45</Y>
    </Point>
    <InfoOfLine>
        <K>2.0476190476190474</K>
        <B>-2.095238095238095</B>
        <Counter>2</Counter>
    </InfoOfLine>
    <Point>
        <X>1</X>
        <Y>1</Y>
    </Point>
    <Point>
        <X>23</X>
        <Y>45</Y>
    </Point>
    <InfoOfLine>
        <K>2.0</K>
        <B>-1.0</B>
        <Counter>2</Counter>
    </InfoOfLine>
    <Point>
        <X>1</X>
        <Y>1</Y>
    </Point>
    <Point>
        <X>2</X>
        <Y>2</Y>
    </Point>
    <Point>
        <X>3</X>
        <Y>3</Y>
    </Point>
    <InfoOfLine>
        <K>1.0</K>
        <B>0.0</B>
        <Counter>4</Counter>
    </InfoOfLine>
    <Point>
        <X>1</X>
        <Y>1</Y>
    </Point>
    <Point>
        <X>13</X>
        <Y>10</Y>
    </Point>
    <InfoOfLine>
        <K>0.75</K>
        <B>0.25</B>
        <Counter>2</Counter>
    </InfoOfLine>
    <Point>
        <X>2</X>
        <Y>2</Y>
    </Point>
    <Point>
        <X>13</X>
        <Y>10</Y>
    </Point>
    <InfoOfLine>
        <K>0.7272727272727273</K>
        <B>0.5454545454545454</B>
        <Counter>2</Counter>
    </InfoOfLine>
    <Point>
        <X>3</X>
        <Y>3</Y>
    </Point>
    <Point>
        <X>13</X>
        <Y>10</Y>
    </Point>
    <InfoOfLine>
        <K>0.7</K>
        <B>0.9000000000000004</B>
        <Counter>2</Counter>
    </InfoOfLine>
    <Point>
        <X>10</X>
        <Y>113</Y>
    </Point>
    <Point>
        <X>23</X>
        <Y>45</Y>
    </Point>
    <InfoOfLine>
        <K>-5.230769230769231</K>
        <B>165.30769230769232</B>
        <Counter>2</Counter>
    </InfoOfLine>
    <Point>
        <X>10</X>
        <Y>113</Y>
    </Point>
    <Point>
        <X>13</X>
        <Y>10</Y>
    </Point>
    <InfoOfLine>
        <K>-34.333333333333336</K>
        <B>456.33333333333337</B>
        <Counter>2</Counter>
    </InfoOfLine>
</Lines>
